[
{
  "model": "admin.logentry",
  "pk": 1,
  "fields": {
    "action_time": "2021-12-19T00:04:16.359Z",
    "user": 1,
    "content_type": 35,
    "object_id": "1",
    "object_repr": "Животные",
    "action_flag": 1,
    "change_message": "[{\"added\": {}}]"
  }
},
{
  "model": "admin.logentry",
  "pk": 2,
  "fields": {
    "action_time": "2021-12-19T00:04:22.009Z",
    "user": 1,
    "content_type": 35,
    "object_id": "2",
    "object_repr": "Машины",
    "action_flag": 1,
    "change_message": "[{\"added\": {}}]"
  }
},
{
  "model": "admin.logentry",
  "pk": 3,
  "fields": {
    "action_time": "2021-12-19T00:04:28.672Z",
    "user": 1,
    "content_type": 35,
    "object_id": "3",
    "object_repr": "Люди",
    "action_flag": 1,
    "change_message": "[{\"added\": {}}]"
  }
},
{
  "model": "admin.logentry",
  "pk": 4,
  "fields": {
    "action_time": "2021-12-19T00:04:35.044Z",
    "user": 1,
    "content_type": 35,
    "object_id": "4",
    "object_repr": "Природа",
    "action_flag": 1,
    "change_message": "[{\"added\": {}}]"
  }
},
{
  "model": "admin.logentry",
  "pk": 5,
  "fields": {
    "action_time": "2021-12-19T00:04:38.790Z",
    "user": 1,
    "content_type": 35,
    "object_id": "5",
    "object_repr": "Отдых",
    "action_flag": 1,
    "change_message": "[{\"added\": {}}]"
  }
},
{
  "model": "admin.logentry",
  "pk": 6,
  "fields": {
    "action_time": "2021-12-19T00:04:56.288Z",
    "user": 1,
    "content_type": 35,
    "object_id": "6",
    "object_repr": "Разное",
    "action_flag": 1,
    "change_message": "[{\"added\": {}}]"
  }
},
{
  "model": "admin.logentry",
  "pk": 7,
  "fields": {
    "action_time": "2021-12-19T00:05:10.826Z",
    "user": 1,
    "content_type": 34,
    "object_id": "1",
    "object_repr": "Животные",
    "action_flag": 1,
    "change_message": "[{\"added\": {}}]"
  }
},
{
  "model": "admin.logentry",
  "pk": 8,
  "fields": {
    "action_time": "2021-12-19T00:05:15.672Z",
    "user": 1,
    "content_type": 34,
    "object_id": "2",
    "object_repr": "Машины",
    "action_flag": 1,
    "change_message": "[{\"added\": {}}]"
  }
},
{
  "model": "admin.logentry",
  "pk": 9,
  "fields": {
    "action_time": "2021-12-19T00:05:20.761Z",
    "user": 1,
    "content_type": 34,
    "object_id": "3",
    "object_repr": "Люди",
    "action_flag": 1,
    "change_message": "[{\"added\": {}}]"
  }
},
{
  "model": "admin.logentry",
  "pk": 10,
  "fields": {
    "action_time": "2021-12-19T00:05:28.074Z",
    "user": 1,
    "content_type": 34,
    "object_id": "4",
    "object_repr": "Отдых",
    "action_flag": 1,
    "change_message": "[{\"added\": {}}]"
  }
},
{
  "model": "admin.logentry",
  "pk": 11,
  "fields": {
    "action_time": "2021-12-19T00:05:33.004Z",
    "user": 1,
    "content_type": 34,
    "object_id": "5",
    "object_repr": "Природа",
    "action_flag": 1,
    "change_message": "[{\"added\": {}}]"
  }
},
{
  "model": "admin.logentry",
  "pk": 12,
  "fields": {
    "action_time": "2021-12-19T00:05:38.125Z",
    "user": 1,
    "content_type": 34,
    "object_id": "6",
    "object_repr": "Разное",
    "action_flag": 1,
    "change_message": "[{\"added\": {}}]"
  }
},
{
  "model": "admin.logentry",
  "pk": 13,
  "fields": {
    "action_time": "2021-12-19T00:06:19.793Z",
    "user": 1,
    "content_type": 37,
    "object_id": "1",
    "object_repr": "Машина на продажу",
    "action_flag": 1,
    "change_message": "[{\"added\": {}}]"
  }
},
{
  "model": "admin.logentry",
  "pk": 14,
  "fields": {
    "action_time": "2021-12-19T00:06:47.633Z",
    "user": 1,
    "content_type": 37,
    "object_id": "2",
    "object_repr": "Жирные коты",
    "action_flag": 1,
    "change_message": "[{\"added\": {}}]"
  }
},
{
  "model": "admin.logentry",
  "pk": 15,
  "fields": {
    "action_time": "2021-12-19T00:16:00.463Z",
    "user": 1,
    "content_type": 36,
    "object_id": "1",
    "object_repr": "Жирный котик1",
    "action_flag": 1,
    "change_message": "[{\"added\": {}}]"
  }
},
{
  "model": "admin.logentry",
  "pk": 16,
  "fields": {
    "action_time": "2021-12-19T00:25:19.950Z",
    "user": 1,
    "content_type": 36,
    "object_id": "1",
    "object_repr": "Жирный котик1",
    "action_flag": 2,
    "change_message": "[]"
  }
},
{
  "model": "admin.logentry",
  "pk": 17,
  "fields": {
    "action_time": "2021-12-19T00:25:51.486Z",
    "user": 1,
    "content_type": 36,
    "object_id": "2",
    "object_repr": "Жирный котик 2",
    "action_flag": 1,
    "change_message": "[{\"added\": {}}]"
  }
},
{
  "model": "admin.logentry",
  "pk": 18,
  "fields": {
    "action_time": "2021-12-19T00:29:37.322Z",
    "user": 1,
    "content_type": 36,
    "object_id": "2",
    "object_repr": "Жирный котик 2",
    "action_flag": 3,
    "change_message": ""
  }
},
{
  "model": "admin.logentry",
  "pk": 19,
  "fields": {
    "action_time": "2021-12-19T01:42:29.110Z",
    "user": 1,
    "content_type": 36,
    "object_id": "8",
    "object_repr": "rjn",
    "action_flag": 1,
    "change_message": "[{\"added\": {}}]"
  }
},
{
  "model": "admin.logentry",
  "pk": 20,
  "fields": {
    "action_time": "2021-12-19T01:59:00.501Z",
    "user": 1,
    "content_type": 36,
    "object_id": "8",
    "object_repr": "rjn",
    "action_flag": 2,
    "change_message": "[]"
  }
},
{
  "model": "admin.logentry",
  "pk": 21,
  "fields": {
    "action_time": "2021-12-19T03:00:55.507Z",
    "user": 1,
    "content_type": 36,
    "object_id": "19",
    "object_repr": "Кот2",
    "action_flag": 2,
    "change_message": "[{\"changed\": {\"fields\": [\"\\u0424\\u043e\\u0442\\u043e\"]}}]"
  }
},
{
  "model": "admin.logentry",
  "pk": 22,
  "fields": {
    "action_time": "2021-12-19T03:02:18.806Z",
    "user": 1,
    "content_type": 36,
    "object_id": "19",
    "object_repr": "Кот2",
    "action_flag": 2,
    "change_message": "[{\"changed\": {\"fields\": [\"\\u0424\\u043e\\u0442\\u043e\"]}}]"
  }
},
{
  "model": "admin.logentry",
  "pk": 23,
  "fields": {
    "action_time": "2021-12-19T03:31:15.555Z",
    "user": 1,
    "content_type": 36,
    "object_id": "25",
    "object_repr": "Кот2",
    "action_flag": 3,
    "change_message": ""
  }
},
{
  "model": "admin.logentry",
  "pk": 24,
  "fields": {
    "action_time": "2021-12-19T03:31:15.563Z",
    "user": 1,
    "content_type": 36,
    "object_id": "24",
    "object_repr": "Кот2",
    "action_flag": 3,
    "change_message": ""
  }
},
{
  "model": "admin.logentry",
  "pk": 25,
  "fields": {
    "action_time": "2021-12-19T03:31:15.567Z",
    "user": 1,
    "content_type": 36,
    "object_id": "23",
    "object_repr": "Кот2",
    "action_flag": 3,
    "change_message": ""
  }
},
{
  "model": "admin.logentry",
  "pk": 26,
  "fields": {
    "action_time": "2021-12-19T03:31:15.572Z",
    "user": 1,
    "content_type": 36,
    "object_id": "22",
    "object_repr": "Кот2",
    "action_flag": 3,
    "change_message": ""
  }
},
{
  "model": "admin.logentry",
  "pk": 27,
  "fields": {
    "action_time": "2021-12-19T03:31:15.578Z",
    "user": 1,
    "content_type": 36,
    "object_id": "21",
    "object_repr": "Кот2",
    "action_flag": 3,
    "change_message": ""
  }
},
{
  "model": "admin.logentry",
  "pk": 28,
  "fields": {
    "action_time": "2021-12-19T03:31:15.582Z",
    "user": 1,
    "content_type": 36,
    "object_id": "20",
    "object_repr": "Кот2",
    "action_flag": 3,
    "change_message": ""
  }
},
{
  "model": "admin.logentry",
  "pk": 29,
  "fields": {
    "action_time": "2021-12-19T03:31:15.586Z",
    "user": 1,
    "content_type": 36,
    "object_id": "19",
    "object_repr": "Кот2",
    "action_flag": 3,
    "change_message": ""
  }
},
{
  "model": "admin.logentry",
  "pk": 30,
  "fields": {
    "action_time": "2021-12-19T03:31:15.590Z",
    "user": 1,
    "content_type": 36,
    "object_id": "18",
    "object_repr": "Кот2",
    "action_flag": 3,
    "change_message": ""
  }
},
{
  "model": "admin.logentry",
  "pk": 31,
  "fields": {
    "action_time": "2021-12-19T03:31:15.593Z",
    "user": 1,
    "content_type": 36,
    "object_id": "17",
    "object_repr": "Кот2",
    "action_flag": 3,
    "change_message": ""
  }
},
{
  "model": "admin.logentry",
  "pk": 32,
  "fields": {
    "action_time": "2021-12-19T03:31:15.597Z",
    "user": 1,
    "content_type": 36,
    "object_id": "16",
    "object_repr": "Кот2",
    "action_flag": 3,
    "change_message": ""
  }
},
{
  "model": "admin.logentry",
  "pk": 33,
  "fields": {
    "action_time": "2021-12-19T03:31:15.601Z",
    "user": 1,
    "content_type": 36,
    "object_id": "15",
    "object_repr": "Кот2",
    "action_flag": 3,
    "change_message": ""
  }
},
{
  "model": "admin.logentry",
  "pk": 34,
  "fields": {
    "action_time": "2021-12-19T03:31:15.605Z",
    "user": 1,
    "content_type": 36,
    "object_id": "14",
    "object_repr": "Кот2",
    "action_flag": 3,
    "change_message": ""
  }
},
{
  "model": "admin.logentry",
  "pk": 35,
  "fields": {
    "action_time": "2021-12-19T03:31:15.609Z",
    "user": 1,
    "content_type": 36,
    "object_id": "13",
    "object_repr": "Кот2",
    "action_flag": 3,
    "change_message": ""
  }
},
{
  "model": "admin.logentry",
  "pk": 36,
  "fields": {
    "action_time": "2021-12-19T03:31:15.612Z",
    "user": 1,
    "content_type": 36,
    "object_id": "12",
    "object_repr": "Кот2",
    "action_flag": 3,
    "change_message": ""
  }
},
{
  "model": "admin.logentry",
  "pk": 37,
  "fields": {
    "action_time": "2021-12-19T03:31:15.616Z",
    "user": 1,
    "content_type": 36,
    "object_id": "11",
    "object_repr": "Кот2",
    "action_flag": 3,
    "change_message": ""
  }
},
{
  "model": "admin.logentry",
  "pk": 38,
  "fields": {
    "action_time": "2021-12-19T03:31:15.620Z",
    "user": 1,
    "content_type": 36,
    "object_id": "10",
    "object_repr": "Кот2",
    "action_flag": 3,
    "change_message": ""
  }
},
{
  "model": "admin.logentry",
  "pk": 39,
  "fields": {
    "action_time": "2021-12-19T03:31:15.624Z",
    "user": 1,
    "content_type": 36,
    "object_id": "9",
    "object_repr": "Кот2",
    "action_flag": 3,
    "change_message": ""
  }
},
{
  "model": "admin.logentry",
  "pk": 40,
  "fields": {
    "action_time": "2021-12-19T03:31:15.628Z",
    "user": 1,
    "content_type": 36,
    "object_id": "8",
    "object_repr": "rjn",
    "action_flag": 3,
    "change_message": ""
  }
},
{
  "model": "admin.logentry",
  "pk": 41,
  "fields": {
    "action_time": "2021-12-19T03:31:15.632Z",
    "user": 1,
    "content_type": 36,
    "object_id": "7",
    "object_repr": "Кот2",
    "action_flag": 3,
    "change_message": ""
  }
},
{
  "model": "admin.logentry",
  "pk": 42,
  "fields": {
    "action_time": "2021-12-19T03:31:15.636Z",
    "user": 1,
    "content_type": 36,
    "object_id": "6",
    "object_repr": "Кот2",
    "action_flag": 3,
    "change_message": ""
  }
},
{
  "model": "admin.logentry",
  "pk": 43,
  "fields": {
    "action_time": "2021-12-19T03:31:15.640Z",
    "user": 1,
    "content_type": 36,
    "object_id": "5",
    "object_repr": "Кот2",
    "action_flag": 3,
    "change_message": ""
  }
},
{
  "model": "admin.logentry",
  "pk": 44,
  "fields": {
    "action_time": "2021-12-19T03:31:15.644Z",
    "user": 1,
    "content_type": 36,
    "object_id": "4",
    "object_repr": "Кот2",
    "action_flag": 3,
    "change_message": ""
  }
},
{
  "model": "admin.logentry",
  "pk": 45,
  "fields": {
    "action_time": "2021-12-19T03:31:15.648Z",
    "user": 1,
    "content_type": 36,
    "object_id": "3",
    "object_repr": "Кот2",
    "action_flag": 3,
    "change_message": ""
  }
},
{
  "model": "admin.logentry",
  "pk": 46,
  "fields": {
    "action_time": "2021-12-19T03:31:15.653Z",
    "user": 1,
    "content_type": 36,
    "object_id": "1",
    "object_repr": "Жирный котик1",
    "action_flag": 3,
    "change_message": ""
  }
},
{
  "model": "admin.logentry",
  "pk": 47,
  "fields": {
    "action_time": "2021-12-19T04:17:31.006Z",
    "user": 1,
    "content_type": 36,
    "object_id": "37",
    "object_repr": "Кот 3",
    "action_flag": 1,
    "change_message": "[{\"added\": {}}]"
  }
},
{
  "model": "admin.logentry",
  "pk": 48,
  "fields": {
    "action_time": "2021-12-19T04:49:20.398Z",
    "user": 1,
    "content_type": 36,
    "object_id": "41",
    "object_repr": "Cat3",
    "action_flag": 1,
    "change_message": "[{\"added\": {}}]"
  }
},
{
  "model": "admin.logentry",
  "pk": 49,
  "fields": {
    "action_time": "2021-12-19T04:52:12.395Z",
    "user": 1,
    "content_type": 36,
    "object_id": "42",
    "object_repr": "cat22",
    "action_flag": 1,
    "change_message": "[{\"added\": {}}]"
  }
},
{
  "model": "admin.logentry",
  "pk": 50,
  "fields": {
    "action_time": "2021-12-19T04:54:51.149Z",
    "user": 1,
    "content_type": 36,
    "object_id": "42",
    "object_repr": "cat22",
    "action_flag": 3,
    "change_message": ""
  }
},
{
  "model": "admin.logentry",
  "pk": 51,
  "fields": {
    "action_time": "2021-12-19T04:59:31.325Z",
    "user": 1,
    "content_type": 36,
    "object_id": "43",
    "object_repr": "222",
    "action_flag": 1,
    "change_message": "[{\"added\": {}}]"
  }
},
{
  "model": "admin.logentry",
  "pk": 52,
  "fields": {
    "action_time": "2021-12-19T05:00:20.823Z",
    "user": 1,
    "content_type": 36,
    "object_id": "44",
    "object_repr": "234",
    "action_flag": 1,
    "change_message": "[{\"added\": {}}]"
  }
},
{
  "model": "admin.logentry",
  "pk": 53,
  "fields": {
    "action_time": "2021-12-19T05:38:10.891Z",
    "user": 1,
    "content_type": 37,
    "object_id": "3",
    "object_repr": "Чужой альбом",
    "action_flag": 1,
    "change_message": "[{\"added\": {}}]"
  }
},
{
  "model": "admin.logentry",
  "pk": 54,
  "fields": {
    "action_time": "2021-12-19T05:38:53.840Z",
    "user": 1,
    "content_type": 36,
    "object_id": "45",
    "object_repr": "Машина1",
    "action_flag": 1,
    "change_message": "[{\"added\": {}}]"
  }
},
{
  "model": "admin.logentry",
  "pk": 55,
  "fields": {
    "action_time": "2021-12-19T05:39:21.397Z",
    "user": 1,
    "content_type": 36,
    "object_id": "46",
    "object_repr": "Машина2",
    "action_flag": 1,
    "change_message": "[{\"added\": {}}]"
  }
},
{
  "model": "auth.permission",
  "pk": 1,
  "fields": {
    "name": "Can add log entry",
    "content_type": 1,
    "codename": "add_logentry"
  }
},
{
  "model": "auth.permission",
  "pk": 2,
  "fields": {
    "name": "Can change log entry",
    "content_type": 1,
    "codename": "change_logentry"
  }
},
{
  "model": "auth.permission",
  "pk": 3,
  "fields": {
    "name": "Can delete log entry",
    "content_type": 1,
    "codename": "delete_logentry"
  }
},
{
  "model": "auth.permission",
  "pk": 4,
  "fields": {
    "name": "Can view log entry",
    "content_type": 1,
    "codename": "view_logentry"
  }
},
{
  "model": "auth.permission",
  "pk": 5,
  "fields": {
    "name": "Can add permission",
    "content_type": 2,
    "codename": "add_permission"
  }
},
{
  "model": "auth.permission",
  "pk": 6,
  "fields": {
    "name": "Can change permission",
    "content_type": 2,
    "codename": "change_permission"
  }
},
{
  "model": "auth.permission",
  "pk": 7,
  "fields": {
    "name": "Can delete permission",
    "content_type": 2,
    "codename": "delete_permission"
  }
},
{
  "model": "auth.permission",
  "pk": 8,
  "fields": {
    "name": "Can view permission",
    "content_type": 2,
    "codename": "view_permission"
  }
},
{
  "model": "auth.permission",
  "pk": 9,
  "fields": {
    "name": "Can add group",
    "content_type": 3,
    "codename": "add_group"
  }
},
{
  "model": "auth.permission",
  "pk": 10,
  "fields": {
    "name": "Can change group",
    "content_type": 3,
    "codename": "change_group"
  }
},
{
  "model": "auth.permission",
  "pk": 11,
  "fields": {
    "name": "Can delete group",
    "content_type": 3,
    "codename": "delete_group"
  }
},
{
  "model": "auth.permission",
  "pk": 12,
  "fields": {
    "name": "Can view group",
    "content_type": 3,
    "codename": "view_group"
  }
},
{
  "model": "auth.permission",
  "pk": 13,
  "fields": {
    "name": "Can add content type",
    "content_type": 4,
    "codename": "add_contenttype"
  }
},
{
  "model": "auth.permission",
  "pk": 14,
  "fields": {
    "name": "Can change content type",
    "content_type": 4,
    "codename": "change_contenttype"
  }
},
{
  "model": "auth.permission",
  "pk": 15,
  "fields": {
    "name": "Can delete content type",
    "content_type": 4,
    "codename": "delete_contenttype"
  }
},
{
  "model": "auth.permission",
  "pk": 16,
  "fields": {
    "name": "Can view content type",
    "content_type": 4,
    "codename": "view_contenttype"
  }
},
{
  "model": "auth.permission",
  "pk": 17,
  "fields": {
    "name": "Can add session",
    "content_type": 5,
    "codename": "add_session"
  }
},
{
  "model": "auth.permission",
  "pk": 18,
  "fields": {
    "name": "Can change session",
    "content_type": 5,
    "codename": "change_session"
  }
},
{
  "model": "auth.permission",
  "pk": 19,
  "fields": {
    "name": "Can delete session",
    "content_type": 5,
    "codename": "delete_session"
  }
},
{
  "model": "auth.permission",
  "pk": 20,
  "fields": {
    "name": "Can view session",
    "content_type": 5,
    "codename": "view_session"
  }
},
{
  "model": "auth.permission",
  "pk": 21,
  "fields": {
    "name": "Can add site",
    "content_type": 6,
    "codename": "add_site"
  }
},
{
  "model": "auth.permission",
  "pk": 22,
  "fields": {
    "name": "Can change site",
    "content_type": 6,
    "codename": "change_site"
  }
},
{
  "model": "auth.permission",
  "pk": 23,
  "fields": {
    "name": "Can delete site",
    "content_type": 6,
    "codename": "delete_site"
  }
},
{
  "model": "auth.permission",
  "pk": 24,
  "fields": {
    "name": "Can view site",
    "content_type": 6,
    "codename": "view_site"
  }
},
{
  "model": "auth.permission",
  "pk": 25,
  "fields": {
    "name": "Can add FCM device",
    "content_type": 7,
    "codename": "add_fcmdevice"
  }
},
{
  "model": "auth.permission",
  "pk": 26,
  "fields": {
    "name": "Can change FCM device",
    "content_type": 7,
    "codename": "change_fcmdevice"
  }
},
{
  "model": "auth.permission",
  "pk": 27,
  "fields": {
    "name": "Can delete FCM device",
    "content_type": 7,
    "codename": "delete_fcmdevice"
  }
},
{
  "model": "auth.permission",
  "pk": 28,
  "fields": {
    "name": "Can view FCM device",
    "content_type": 7,
    "codename": "view_fcmdevice"
  }
},
{
  "model": "auth.permission",
  "pk": 29,
  "fields": {
    "name": "Can add Token",
    "content_type": 8,
    "codename": "add_token"
  }
},
{
  "model": "auth.permission",
  "pk": 30,
  "fields": {
    "name": "Can change Token",
    "content_type": 8,
    "codename": "change_token"
  }
},
{
  "model": "auth.permission",
  "pk": 31,
  "fields": {
    "name": "Can delete Token",
    "content_type": 8,
    "codename": "delete_token"
  }
},
{
  "model": "auth.permission",
  "pk": 32,
  "fields": {
    "name": "Can view Token",
    "content_type": 8,
    "codename": "view_token"
  }
},
{
  "model": "auth.permission",
  "pk": 33,
  "fields": {
    "name": "Can add token",
    "content_type": 9,
    "codename": "add_tokenproxy"
  }
},
{
  "model": "auth.permission",
  "pk": 34,
  "fields": {
    "name": "Can change token",
    "content_type": 9,
    "codename": "change_tokenproxy"
  }
},
{
  "model": "auth.permission",
  "pk": 35,
  "fields": {
    "name": "Can delete token",
    "content_type": 9,
    "codename": "delete_tokenproxy"
  }
},
{
  "model": "auth.permission",
  "pk": 36,
  "fields": {
    "name": "Can view token",
    "content_type": 9,
    "codename": "view_tokenproxy"
  }
},
{
  "model": "auth.permission",
  "pk": 37,
  "fields": {
    "name": "Can add application",
    "content_type": 10,
    "codename": "add_application"
  }
},
{
  "model": "auth.permission",
  "pk": 38,
  "fields": {
    "name": "Can change application",
    "content_type": 10,
    "codename": "change_application"
  }
},
{
  "model": "auth.permission",
  "pk": 39,
  "fields": {
    "name": "Can delete application",
    "content_type": 10,
    "codename": "delete_application"
  }
},
{
  "model": "auth.permission",
  "pk": 40,
  "fields": {
    "name": "Can view application",
    "content_type": 10,
    "codename": "view_application"
  }
},
{
  "model": "auth.permission",
  "pk": 41,
  "fields": {
    "name": "Can add access token",
    "content_type": 11,
    "codename": "add_accesstoken"
  }
},
{
  "model": "auth.permission",
  "pk": 42,
  "fields": {
    "name": "Can change access token",
    "content_type": 11,
    "codename": "change_accesstoken"
  }
},
{
  "model": "auth.permission",
  "pk": 43,
  "fields": {
    "name": "Can delete access token",
    "content_type": 11,
    "codename": "delete_accesstoken"
  }
},
{
  "model": "auth.permission",
  "pk": 44,
  "fields": {
    "name": "Can view access token",
    "content_type": 11,
    "codename": "view_accesstoken"
  }
},
{
  "model": "auth.permission",
  "pk": 45,
  "fields": {
    "name": "Can add grant",
    "content_type": 12,
    "codename": "add_grant"
  }
},
{
  "model": "auth.permission",
  "pk": 46,
  "fields": {
    "name": "Can change grant",
    "content_type": 12,
    "codename": "change_grant"
  }
},
{
  "model": "auth.permission",
  "pk": 47,
  "fields": {
    "name": "Can delete grant",
    "content_type": 12,
    "codename": "delete_grant"
  }
},
{
  "model": "auth.permission",
  "pk": 48,
  "fields": {
    "name": "Can view grant",
    "content_type": 12,
    "codename": "view_grant"
  }
},
{
  "model": "auth.permission",
  "pk": 49,
  "fields": {
    "name": "Can add refresh token",
    "content_type": 13,
    "codename": "add_refreshtoken"
  }
},
{
  "model": "auth.permission",
  "pk": 50,
  "fields": {
    "name": "Can change refresh token",
    "content_type": 13,
    "codename": "change_refreshtoken"
  }
},
{
  "model": "auth.permission",
  "pk": 51,
  "fields": {
    "name": "Can delete refresh token",
    "content_type": 13,
    "codename": "delete_refreshtoken"
  }
},
{
  "model": "auth.permission",
  "pk": 52,
  "fields": {
    "name": "Can view refresh token",
    "content_type": 13,
    "codename": "view_refreshtoken"
  }
},
{
  "model": "auth.permission",
  "pk": 53,
  "fields": {
    "name": "Can add id token",
    "content_type": 14,
    "codename": "add_idtoken"
  }
},
{
  "model": "auth.permission",
  "pk": 54,
  "fields": {
    "name": "Can change id token",
    "content_type": 14,
    "codename": "change_idtoken"
  }
},
{
  "model": "auth.permission",
  "pk": 55,
  "fields": {
    "name": "Can delete id token",
    "content_type": 14,
    "codename": "delete_idtoken"
  }
},
{
  "model": "auth.permission",
  "pk": 56,
  "fields": {
    "name": "Can view id token",
    "content_type": 14,
    "codename": "view_idtoken"
  }
},
{
  "model": "auth.permission",
  "pk": 57,
  "fields": {
    "name": "Can add association",
    "content_type": 15,
    "codename": "add_association"
  }
},
{
  "model": "auth.permission",
  "pk": 58,
  "fields": {
    "name": "Can change association",
    "content_type": 15,
    "codename": "change_association"
  }
},
{
  "model": "auth.permission",
  "pk": 59,
  "fields": {
    "name": "Can delete association",
    "content_type": 15,
    "codename": "delete_association"
  }
},
{
  "model": "auth.permission",
  "pk": 60,
  "fields": {
    "name": "Can view association",
    "content_type": 15,
    "codename": "view_association"
  }
},
{
  "model": "auth.permission",
  "pk": 61,
  "fields": {
    "name": "Can add code",
    "content_type": 16,
    "codename": "add_code"
  }
},
{
  "model": "auth.permission",
  "pk": 62,
  "fields": {
    "name": "Can change code",
    "content_type": 16,
    "codename": "change_code"
  }
},
{
  "model": "auth.permission",
  "pk": 63,
  "fields": {
    "name": "Can delete code",
    "content_type": 16,
    "codename": "delete_code"
  }
},
{
  "model": "auth.permission",
  "pk": 64,
  "fields": {
    "name": "Can view code",
    "content_type": 16,
    "codename": "view_code"
  }
},
{
  "model": "auth.permission",
  "pk": 65,
  "fields": {
    "name": "Can add nonce",
    "content_type": 17,
    "codename": "add_nonce"
  }
},
{
  "model": "auth.permission",
  "pk": 66,
  "fields": {
    "name": "Can change nonce",
    "content_type": 17,
    "codename": "change_nonce"
  }
},
{
  "model": "auth.permission",
  "pk": 67,
  "fields": {
    "name": "Can delete nonce",
    "content_type": 17,
    "codename": "delete_nonce"
  }
},
{
  "model": "auth.permission",
  "pk": 68,
  "fields": {
    "name": "Can view nonce",
    "content_type": 17,
    "codename": "view_nonce"
  }
},
{
  "model": "auth.permission",
  "pk": 69,
  "fields": {
    "name": "Can add user social auth",
    "content_type": 18,
    "codename": "add_usersocialauth"
  }
},
{
  "model": "auth.permission",
  "pk": 70,
  "fields": {
    "name": "Can change user social auth",
    "content_type": 18,
    "codename": "change_usersocialauth"
  }
},
{
  "model": "auth.permission",
  "pk": 71,
  "fields": {
    "name": "Can delete user social auth",
    "content_type": 18,
    "codename": "delete_usersocialauth"
  }
},
{
  "model": "auth.permission",
  "pk": 72,
  "fields": {
    "name": "Can view user social auth",
    "content_type": 18,
    "codename": "view_usersocialauth"
  }
},
{
  "model": "auth.permission",
  "pk": 73,
  "fields": {
    "name": "Can add partial",
    "content_type": 19,
    "codename": "add_partial"
  }
},
{
  "model": "auth.permission",
  "pk": 74,
  "fields": {
    "name": "Can change partial",
    "content_type": 19,
    "codename": "change_partial"
  }
},
{
  "model": "auth.permission",
  "pk": 75,
  "fields": {
    "name": "Can delete partial",
    "content_type": 19,
    "codename": "delete_partial"
  }
},
{
  "model": "auth.permission",
  "pk": 76,
  "fields": {
    "name": "Can view partial",
    "content_type": 19,
    "codename": "view_partial"
  }
},
{
  "model": "auth.permission",
  "pk": 77,
  "fields": {
    "name": "Can add Структура страниц",
    "content_type": 20,
    "codename": "add_basepage"
  }
},
{
  "model": "auth.permission",
  "pk": 78,
  "fields": {
    "name": "Can change Структура страниц",
    "content_type": 20,
    "codename": "change_basepage"
  }
},
{
  "model": "auth.permission",
  "pk": 79,
  "fields": {
    "name": "Can delete Структура страниц",
    "content_type": 20,
    "codename": "delete_basepage"
  }
},
{
  "model": "auth.permission",
  "pk": 80,
  "fields": {
    "name": "Can view Структура страниц",
    "content_type": 20,
    "codename": "view_basepage"
  }
},
{
  "model": "auth.permission",
  "pk": 81,
  "fields": {
    "name": "Can add Пункт меню",
    "content_type": 21,
    "codename": "add_menuitem"
  }
},
{
  "model": "auth.permission",
  "pk": 82,
  "fields": {
    "name": "Can change Пункт меню",
    "content_type": 21,
    "codename": "change_menuitem"
  }
},
{
  "model": "auth.permission",
  "pk": 83,
  "fields": {
    "name": "Can delete Пункт меню",
    "content_type": 21,
    "codename": "delete_menuitem"
  }
},
{
  "model": "auth.permission",
  "pk": 84,
  "fields": {
    "name": "Can view Пункт меню",
    "content_type": 21,
    "codename": "view_menuitem"
  }
},
{
  "model": "auth.permission",
  "pk": 85,
  "fields": {
    "name": "Can add Уведомление",
    "content_type": 22,
    "codename": "add_notify"
  }
},
{
  "model": "auth.permission",
  "pk": 86,
  "fields": {
    "name": "Can change Уведомление",
    "content_type": 22,
    "codename": "change_notify"
  }
},
{
  "model": "auth.permission",
  "pk": 87,
  "fields": {
    "name": "Can delete Уведомление",
    "content_type": 22,
    "codename": "delete_notify"
  }
},
{
  "model": "auth.permission",
  "pk": 88,
  "fields": {
    "name": "Can view Уведомление",
    "content_type": 22,
    "codename": "view_notify"
  }
},
{
  "model": "auth.permission",
  "pk": 89,
  "fields": {
    "name": "Can add Категория",
    "content_type": 23,
    "codename": "add_notifycategory"
  }
},
{
  "model": "auth.permission",
  "pk": 90,
  "fields": {
    "name": "Can change Категория",
    "content_type": 23,
    "codename": "change_notifycategory"
  }
},
{
  "model": "auth.permission",
  "pk": 91,
  "fields": {
    "name": "Can delete Категория",
    "content_type": 23,
    "codename": "delete_notifycategory"
  }
},
{
  "model": "auth.permission",
  "pk": 92,
  "fields": {
    "name": "Can view Категория",
    "content_type": 23,
    "codename": "view_notifycategory"
  }
},
{
  "model": "auth.permission",
  "pk": 93,
  "fields": {
    "name": "Can add Настройка",
    "content_type": 24,
    "codename": "add_notifyconfig"
  }
},
{
  "model": "auth.permission",
  "pk": 94,
  "fields": {
    "name": "Can change Настройка",
    "content_type": 24,
    "codename": "change_notifyconfig"
  }
},
{
  "model": "auth.permission",
  "pk": 95,
  "fields": {
    "name": "Can delete Настройка",
    "content_type": 24,
    "codename": "delete_notifyconfig"
  }
},
{
  "model": "auth.permission",
  "pk": 96,
  "fields": {
    "name": "Can view Настройка",
    "content_type": 24,
    "codename": "view_notifyconfig"
  }
},
{
  "model": "auth.permission",
  "pk": 97,
  "fields": {
    "name": "Can add Ошибка отправки уведомления",
    "content_type": 25,
    "codename": "add_notifyerrorlog"
  }
},
{
  "model": "auth.permission",
  "pk": 98,
  "fields": {
    "name": "Can change Ошибка отправки уведомления",
    "content_type": 25,
    "codename": "change_notifyerrorlog"
  }
},
{
  "model": "auth.permission",
  "pk": 99,
  "fields": {
    "name": "Can delete Ошибка отправки уведомления",
    "content_type": 25,
    "codename": "delete_notifyerrorlog"
  }
},
{
  "model": "auth.permission",
  "pk": 100,
  "fields": {
    "name": "Can view Ошибка отправки уведомления",
    "content_type": 25,
    "codename": "view_notifyerrorlog"
  }
},
{
  "model": "auth.permission",
  "pk": 101,
  "fields": {
    "name": "Can add Файл",
    "content_type": 26,
    "codename": "add_notifyfile"
  }
},
{
  "model": "auth.permission",
  "pk": 102,
  "fields": {
    "name": "Can change Файл",
    "content_type": 26,
    "codename": "change_notifyfile"
  }
},
{
  "model": "auth.permission",
  "pk": 103,
  "fields": {
    "name": "Can delete Файл",
    "content_type": 26,
    "codename": "delete_notifyfile"
  }
},
{
  "model": "auth.permission",
  "pk": 104,
  "fields": {
    "name": "Can view Файл",
    "content_type": 26,
    "codename": "view_notifyfile"
  }
},
{
  "model": "auth.permission",
  "pk": 105,
  "fields": {
    "name": "Can add Шаблон",
    "content_type": 27,
    "codename": "add_notifytemplate"
  }
},
{
  "model": "auth.permission",
  "pk": 106,
  "fields": {
    "name": "Can change Шаблон",
    "content_type": 27,
    "codename": "change_notifytemplate"
  }
},
{
  "model": "auth.permission",
  "pk": 107,
  "fields": {
    "name": "Can delete Шаблон",
    "content_type": 27,
    "codename": "delete_notifytemplate"
  }
},
{
  "model": "auth.permission",
  "pk": 108,
  "fields": {
    "name": "Can view Шаблон",
    "content_type": 27,
    "codename": "view_notifytemplate"
  }
},
{
  "model": "auth.permission",
  "pk": 109,
  "fields": {
    "name": "Can add Список пользователей для рассылки",
    "content_type": 28,
    "codename": "add_notifyuserlist"
  }
},
{
  "model": "auth.permission",
  "pk": 110,
  "fields": {
    "name": "Can change Список пользователей для рассылки",
    "content_type": 28,
    "codename": "change_notifyuserlist"
  }
},
{
  "model": "auth.permission",
  "pk": 111,
  "fields": {
    "name": "Can delete Список пользователей для рассылки",
    "content_type": 28,
    "codename": "delete_notifyuserlist"
  }
},
{
  "model": "auth.permission",
  "pk": 112,
  "fields": {
    "name": "Can view Список пользователей для рассылки",
    "content_type": 28,
    "codename": "view_notifyuserlist"
  }
},
{
  "model": "auth.permission",
  "pk": 113,
  "fields": {
    "name": "Can add Участник списка пользователей",
    "content_type": 29,
    "codename": "add_notifyuserlistparticipant"
  }
},
{
  "model": "auth.permission",
  "pk": 114,
  "fields": {
    "name": "Can change Участник списка пользователей",
    "content_type": 29,
    "codename": "change_notifyuserlistparticipant"
  }
},
{
  "model": "auth.permission",
  "pk": 115,
  "fields": {
    "name": "Can delete Участник списка пользователей",
    "content_type": 29,
    "codename": "delete_notifyuserlistparticipant"
  }
},
{
  "model": "auth.permission",
  "pk": 116,
  "fields": {
    "name": "Can view Участник списка пользователей",
    "content_type": 29,
    "codename": "view_notifyuserlistparticipant"
  }
},
{
  "model": "auth.permission",
  "pk": 117,
  "fields": {
    "name": "Can add FCM аккаунт",
    "content_type": 30,
    "codename": "add_notifydevice"
  }
},
{
  "model": "auth.permission",
  "pk": 118,
  "fields": {
    "name": "Can change FCM аккаунт",
    "content_type": 30,
    "codename": "change_notifydevice"
  }
},
{
  "model": "auth.permission",
  "pk": 119,
  "fields": {
    "name": "Can delete FCM аккаунт",
    "content_type": 30,
    "codename": "delete_notifydevice"
  }
},
{
  "model": "auth.permission",
  "pk": 120,
  "fields": {
    "name": "Can view FCM аккаунт",
    "content_type": 30,
    "codename": "view_notifydevice"
  }
},
{
  "model": "auth.permission",
  "pk": 121,
  "fields": {
    "name": "Can add SMTP аккаунт",
    "content_type": 31,
    "codename": "add_smtpaccount"
  }
},
{
  "model": "auth.permission",
  "pk": 122,
  "fields": {
    "name": "Can change SMTP аккаунт",
    "content_type": 31,
    "codename": "change_smtpaccount"
  }
},
{
  "model": "auth.permission",
  "pk": 123,
  "fields": {
    "name": "Can delete SMTP аккаунт",
    "content_type": 31,
    "codename": "delete_smtpaccount"
  }
},
{
  "model": "auth.permission",
  "pk": 124,
  "fields": {
    "name": "Can view SMTP аккаунт",
    "content_type": 31,
    "codename": "view_smtpaccount"
  }
},
{
  "model": "auth.permission",
  "pk": 125,
  "fields": {
    "name": "Can add Страница",
    "content_type": 32,
    "codename": "add_page"
  }
},
{
  "model": "auth.permission",
  "pk": 126,
  "fields": {
    "name": "Can change Страница",
    "content_type": 32,
    "codename": "change_page"
  }
},
{
  "model": "auth.permission",
  "pk": 127,
  "fields": {
    "name": "Can delete Страница",
    "content_type": 32,
    "codename": "delete_page"
  }
},
{
  "model": "auth.permission",
  "pk": 128,
  "fields": {
    "name": "Can view Страница",
    "content_type": 32,
    "codename": "view_page"
  }
},
{
  "model": "auth.permission",
  "pk": 129,
  "fields": {
    "name": "Can add Пользователь",
    "content_type": 33,
    "codename": "add_user"
  }
},
{
  "model": "auth.permission",
  "pk": 130,
  "fields": {
    "name": "Can change Пользователь",
    "content_type": 33,
    "codename": "change_user"
  }
},
{
  "model": "auth.permission",
  "pk": 131,
  "fields": {
    "name": "Can delete Пользователь",
    "content_type": 33,
    "codename": "delete_user"
  }
},
{
  "model": "auth.permission",
  "pk": 132,
  "fields": {
    "name": "Can view Пользователь",
    "content_type": 33,
    "codename": "view_user"
  }
},
{
  "model": "auth.permission",
  "pk": 133,
  "fields": {
    "name": "Can add Тэг альбомов",
    "content_type": 34,
    "codename": "add_albumtags"
  }
},
{
  "model": "auth.permission",
  "pk": 134,
  "fields": {
    "name": "Can change Тэг альбомов",
    "content_type": 34,
    "codename": "change_albumtags"
  }
},
{
  "model": "auth.permission",
  "pk": 135,
  "fields": {
    "name": "Can delete Тэг альбомов",
    "content_type": 34,
    "codename": "delete_albumtags"
  }
},
{
  "model": "auth.permission",
  "pk": 136,
  "fields": {
    "name": "Can view Тэг альбомов",
    "content_type": 34,
    "codename": "view_albumtags"
  }
},
{
  "model": "auth.permission",
  "pk": 137,
  "fields": {
    "name": "Can add Тэг для фотографий",
    "content_type": 35,
    "codename": "add_phototags"
  }
},
{
  "model": "auth.permission",
  "pk": 138,
  "fields": {
    "name": "Can change Тэг для фотографий",
    "content_type": 35,
    "codename": "change_phototags"
  }
},
{
  "model": "auth.permission",
  "pk": 139,
  "fields": {
    "name": "Can delete Тэг для фотографий",
    "content_type": 35,
    "codename": "delete_phototags"
  }
},
{
  "model": "auth.permission",
  "pk": 140,
  "fields": {
    "name": "Can view Тэг для фотографий",
    "content_type": 35,
    "codename": "view_phototags"
  }
},
{
  "model": "auth.permission",
  "pk": 141,
  "fields": {
    "name": "Can add Фото",
    "content_type": 36,
    "codename": "add_photo"
  }
},
{
  "model": "auth.permission",
  "pk": 142,
  "fields": {
    "name": "Can change Фото",
    "content_type": 36,
    "codename": "change_photo"
  }
},
{
  "model": "auth.permission",
  "pk": 143,
  "fields": {
    "name": "Can delete Фото",
    "content_type": 36,
    "codename": "delete_photo"
  }
},
{
  "model": "auth.permission",
  "pk": 144,
  "fields": {
    "name": "Can view Фото",
    "content_type": 36,
    "codename": "view_photo"
  }
},
{
  "model": "auth.permission",
  "pk": 145,
  "fields": {
    "name": "Can add Альбом",
    "content_type": 37,
    "codename": "add_album"
  }
},
{
  "model": "auth.permission",
  "pk": 146,
  "fields": {
    "name": "Can change Альбом",
    "content_type": 37,
    "codename": "change_album"
  }
},
{
  "model": "auth.permission",
  "pk": 147,
  "fields": {
    "name": "Can delete Альбом",
    "content_type": 37,
    "codename": "delete_album"
  }
},
{
  "model": "auth.permission",
  "pk": 148,
  "fields": {
    "name": "Can view Альбом",
    "content_type": 37,
    "codename": "view_album"
  }
},
{
  "model": "auth.permission",
  "pk": 149,
  "fields": {
    "name": "Can add Refresh Token",
    "content_type": 38,
    "codename": "add_refreshtoken"
  }
},
{
  "model": "auth.permission",
  "pk": 150,
  "fields": {
    "name": "Can change Refresh Token",
    "content_type": 38,
    "codename": "change_refreshtoken"
  }
},
{
  "model": "auth.permission",
  "pk": 151,
  "fields": {
    "name": "Can delete Refresh Token",
    "content_type": 38,
    "codename": "delete_refreshtoken"
  }
},
{
  "model": "auth.permission",
  "pk": 152,
  "fields": {
    "name": "Can view Refresh Token",
    "content_type": 38,
    "codename": "view_refreshtoken"
  }
},
{
  "model": "auth.permission",
  "pk": 153,
  "fields": {
    "name": "Can add Access Token",
    "content_type": 39,
    "codename": "add_accesstoken"
  }
},
{
  "model": "auth.permission",
  "pk": 154,
  "fields": {
    "name": "Can change Access Token",
    "content_type": 39,
    "codename": "change_accesstoken"
  }
},
{
  "model": "auth.permission",
  "pk": 155,
  "fields": {
    "name": "Can delete Access Token",
    "content_type": 39,
    "codename": "delete_accesstoken"
  }
},
{
  "model": "auth.permission",
  "pk": 156,
  "fields": {
    "name": "Can view Access Token",
    "content_type": 39,
    "codename": "view_accesstoken"
  }
},
{
  "model": "contenttypes.contenttype",
  "pk": 1,
  "fields": {
    "app_label": "admin",
    "model": "logentry"
  }
},
{
  "model": "contenttypes.contenttype",
  "pk": 2,
  "fields": {
    "app_label": "auth",
    "model": "permission"
  }
},
{
  "model": "contenttypes.contenttype",
  "pk": 3,
  "fields": {
    "app_label": "auth",
    "model": "group"
  }
},
{
  "model": "contenttypes.contenttype",
  "pk": 4,
  "fields": {
    "app_label": "contenttypes",
    "model": "contenttype"
  }
},
{
  "model": "contenttypes.contenttype",
  "pk": 5,
  "fields": {
    "app_label": "sessions",
    "model": "session"
  }
},
{
  "model": "contenttypes.contenttype",
  "pk": 6,
  "fields": {
    "app_label": "sites",
    "model": "site"
  }
},
{
  "model": "contenttypes.contenttype",
  "pk": 7,
  "fields": {
    "app_label": "fcm_django",
    "model": "fcmdevice"
  }
},
{
  "model": "contenttypes.contenttype",
  "pk": 8,
  "fields": {
    "app_label": "authtoken",
    "model": "token"
  }
},
{
  "model": "contenttypes.contenttype",
  "pk": 9,
  "fields": {
    "app_label": "authtoken",
    "model": "tokenproxy"
  }
},
{
  "model": "contenttypes.contenttype",
  "pk": 10,
  "fields": {
    "app_label": "oauth2_provider",
    "model": "application"
  }
},
{
  "model": "contenttypes.contenttype",
  "pk": 11,
  "fields": {
    "app_label": "oauth2_provider",
    "model": "accesstoken"
  }
},
{
  "model": "contenttypes.contenttype",
  "pk": 12,
  "fields": {
    "app_label": "oauth2_provider",
    "model": "grant"
  }
},
{
  "model": "contenttypes.contenttype",
  "pk": 13,
  "fields": {
    "app_label": "oauth2_provider",
    "model": "refreshtoken"
  }
},
{
  "model": "contenttypes.contenttype",
  "pk": 14,
  "fields": {
    "app_label": "oauth2_provider",
    "model": "idtoken"
  }
},
{
  "model": "contenttypes.contenttype",
  "pk": 15,
  "fields": {
    "app_label": "social_django",
    "model": "association"
  }
},
{
  "model": "contenttypes.contenttype",
  "pk": 16,
  "fields": {
    "app_label": "social_django",
    "model": "code"
  }
},
{
  "model": "contenttypes.contenttype",
  "pk": 17,
  "fields": {
    "app_label": "social_django",
    "model": "nonce"
  }
},
{
  "model": "contenttypes.contenttype",
  "pk": 18,
  "fields": {
    "app_label": "social_django",
    "model": "usersocialauth"
  }
},
{
  "model": "contenttypes.contenttype",
  "pk": 19,
  "fields": {
    "app_label": "social_django",
    "model": "partial"
  }
},
{
  "model": "contenttypes.contenttype",
  "pk": 20,
  "fields": {
    "app_label": "garpix_page",
    "model": "basepage"
  }
},
{
  "model": "contenttypes.contenttype",
  "pk": 21,
  "fields": {
    "app_label": "garpix_menu",
    "model": "menuitem"
  }
},
{
  "model": "contenttypes.contenttype",
  "pk": 22,
  "fields": {
    "app_label": "garpix_notify",
    "model": "notify"
  }
},
{
  "model": "contenttypes.contenttype",
  "pk": 23,
  "fields": {
    "app_label": "garpix_notify",
    "model": "notifycategory"
  }
},
{
  "model": "contenttypes.contenttype",
  "pk": 24,
  "fields": {
    "app_label": "garpix_notify",
    "model": "notifyconfig"
  }
},
{
  "model": "contenttypes.contenttype",
  "pk": 25,
  "fields": {
    "app_label": "garpix_notify",
    "model": "notifyerrorlog"
  }
},
{
  "model": "contenttypes.contenttype",
  "pk": 26,
  "fields": {
    "app_label": "garpix_notify",
    "model": "notifyfile"
  }
},
{
  "model": "contenttypes.contenttype",
  "pk": 27,
  "fields": {
    "app_label": "garpix_notify",
    "model": "notifytemplate"
  }
},
{
  "model": "contenttypes.contenttype",
  "pk": 28,
  "fields": {
    "app_label": "garpix_notify",
    "model": "notifyuserlist"
  }
},
{
  "model": "contenttypes.contenttype",
  "pk": 29,
  "fields": {
    "app_label": "garpix_notify",
    "model": "notifyuserlistparticipant"
  }
},
{
  "model": "contenttypes.contenttype",
  "pk": 30,
  "fields": {
    "app_label": "garpix_notify",
    "model": "notifydevice"
  }
},
{
  "model": "contenttypes.contenttype",
  "pk": 31,
  "fields": {
    "app_label": "garpix_notify",
    "model": "smtpaccount"
  }
},
{
  "model": "contenttypes.contenttype",
  "pk": 32,
  "fields": {
    "app_label": "garpixcms",
    "model": "page"
  }
},
{
  "model": "contenttypes.contenttype",
  "pk": 33,
  "fields": {
    "app_label": "user",
    "model": "user"
  }
},
{
  "model": "contenttypes.contenttype",
  "pk": 34,
  "fields": {
    "app_label": "photo",
    "model": "albumtags"
  }
},
{
  "model": "contenttypes.contenttype",
  "pk": 35,
  "fields": {
    "app_label": "photo",
    "model": "phototags"
  }
},
{
  "model": "contenttypes.contenttype",
  "pk": 36,
  "fields": {
    "app_label": "photo",
    "model": "photo"
  }
},
{
  "model": "contenttypes.contenttype",
  "pk": 37,
  "fields": {
    "app_label": "photo",
    "model": "album"
  }
},
{
  "model": "contenttypes.contenttype",
  "pk": 38,
  "fields": {
    "app_label": "garpix_auth",
    "model": "refreshtoken"
  }
},
{
  "model": "contenttypes.contenttype",
  "pk": 39,
  "fields": {
    "app_label": "garpix_auth",
    "model": "accesstoken"
  }
},
{
  "model": "sessions.session",
  "pk": "n09cnvh7da4mbrg2los2pvjovxoehqgv",
  "fields": {
    "session_data": ".eJxVjMEOwiAQRP-FsyFSKEs9eu83ENhdpGogKe3J-O9K0oPeJvPezEv4sG_Z741Xv5C4CCVOv10M-ODSAd1DuVWJtWzrEmVX5EGbnCvx83q4fwc5tPxdO60pITCMENHFpIYAhkEbxQlt6nGyRrnJnhVqGEBbAzE5YKboaBTvD-RbN8o:1myjc5:svCM25RvYyroZBmlHt2Zn22q7peZ0iZIjFxETkA7ARk",
    "expire_date": "2022-01-01T23:59:41.858Z"
  }
},
{
  "model": "sites.site",
  "pk": 1,
  "fields": {
    "domain": "example.com",
    "name": "example.com"
  }
},
{
  "model": "user.user",
  "pk": 1,
  "fields": {
    "password": "pbkdf2_sha256$216000$thjFf2yJU9Ae$XJyeVJpql6cguAn87XzNM/5i1akObdrVkhQo4liRTVg=",
    "last_login": "2021-12-18T23:59:41.851Z",
    "is_superuser": true,
    "username": "admin",
    "first_name": "",
    "last_name": "",
    "email": "",
    "is_staff": true,
    "is_active": true,
    "date_joined": "2021-12-18T23:58:53.611Z",
    "phone": "",
    "telegram_chat_id": "",
    "telegram_secret": "c2f568203fa54686b3a3b6a25ede193b",
    "viber_chat_id": "",
    "viber_secret_key": "",
    "groups": [],
    "user_permissions": []
  }
},
{
  "model": "user.user",
  "pk": 2,
  "fields": {
    "password": "pbkdf2_sha256$216000$Bnmr0J2disma$/E3vXpIxeVK98UZPuNcBUquqviOUVpdNEvSrqhQtzCQ=",
    "last_login": null,
    "is_superuser": false,
    "username": "newuser1",
    "first_name": "",
    "last_name": "",
    "email": "",
    "is_staff": false,
    "is_active": true,
    "date_joined": "2021-12-19T05:37:35.279Z",
    "phone": "",
    "telegram_chat_id": "",
    "telegram_secret": "5941edafb4f640cfaa1815e79f0601fd",
    "viber_chat_id": "",
    "viber_secret_key": "",
    "groups": [],
    "user_permissions": []
  }
},
{
  "model": "photo.albumtags",
  "pk": 1,
  "fields": {
    "title": "Животные"
  }
},
{
  "model": "photo.albumtags",
  "pk": 2,
  "fields": {
    "title": "Машины"
  }
},
{
  "model": "photo.albumtags",
  "pk": 3,
  "fields": {
    "title": "Люди"
  }
},
{
  "model": "photo.albumtags",
  "pk": 4,
  "fields": {
    "title": "Отдых"
  }
},
{
  "model": "photo.albumtags",
  "pk": 5,
  "fields": {
    "title": "Природа"
  }
},
{
  "model": "photo.albumtags",
  "pk": 6,
  "fields": {
    "title": "Разное"
  }
},
{
  "model": "photo.phototags",
  "pk": 1,
  "fields": {
    "title": "Животные"
  }
},
{
  "model": "photo.phototags",
  "pk": 2,
  "fields": {
    "title": "Машины"
  }
},
{
  "model": "photo.phototags",
  "pk": 3,
  "fields": {
    "title": "Люди"
  }
},
{
  "model": "photo.phototags",
  "pk": 4,
  "fields": {
    "title": "Природа"
  }
},
{
  "model": "photo.phototags",
  "pk": 5,
  "fields": {
    "title": "Отдых"
  }
},
{
  "model": "photo.phototags",
  "pk": 6,
  "fields": {
    "title": "Разное"
  }
},
{
  "model": "photo.album",
  "pk": 1,
  "fields": {
    "title": "Машина на продажу",
    "author": 1,
    "description": "Продаю машину",
    "created_at": "2021-12-19T00:06:19.784Z",
    "tags": [
      2,
      6
    ]
  }
},
{
  "model": "photo.album",
  "pk": 2,
  "fields": {
    "title": "Жирные коты",
    "author": 1,
    "description": "Это весело",
    "created_at": "2021-12-19T00:06:47.625Z",
    "tags": [
      1,
      4,
      6
    ]
  }
},
{
  "model": "photo.album",
  "pk": 3,
  "fields": {
    "title": "Чужой альбом",
    "author": 2,
    "description": "Добавлен из админки",
    "created_at": "2021-12-19T05:38:10.880Z",
    "tags": [
      1,
      2,
      3,
      4,
      5,
      6
    ]
  }
},
{
  "model": "photo.album",
  "pk": 4,
  "fields": {
    "title": "Изменил название",
    "author": 1,
    "description": "Созданный из апи",
    "created_at": "2021-12-19T05:55:40.186Z",
    "tags": [
      1,
      3,
      4
    ]
  }
},
{
  "model": "photo.photo",
  "pk": 26,
  "fields": {
    "title": "Кот2",
    "description": "Жирный кот из апи",
    "author": 1,
    "created_at": "2021-12-19T03:48:44.141Z",
    "image": "user_1/2/cat2_ryYLsLq.jpg",
    "image_small": "",
    "album": 2,
    "tags": []
  }
},
{
  "model": "photo.photo",
  "pk": 27,
  "fields": {
    "title": "Кот2",
    "description": "Жирный кот из апи",
    "author": 1,
    "created_at": "2021-12-19T03:48:58.552Z",
    "image": "user_1/2/cat2.jpg",
    "image_small": "",
    "album": 2,
    "tags": []
  }
},
{
  "model": "photo.photo",
  "pk": 28,
  "fields": {
    "title": "Кот2",
    "description": "Жирный кот из апи",
    "author": 1,
    "created_at": "2021-12-19T03:51:14.254Z",
    "image": "user_1/2/cat2_PCxDYnX.jpg",
    "image_small": "",
    "album": 2,
    "tags": []
  }
},
{
  "model": "photo.photo",
  "pk": 29,
  "fields": {
    "title": "Кот2",
    "description": "Жирный кот из апи",
    "author": 1,
    "created_at": "2021-12-19T03:52:16.513Z",
    "image": "user_1/2/cat2_ciAScEB.jpg",
    "image_small": "",
    "album": 2,
    "tags": []
  }
},
{
  "model": "photo.photo",
  "pk": 30,
  "fields": {
    "title": "Кот2",
    "description": "Жирный кот из апи",
    "author": 1,
    "created_at": "2021-12-19T03:53:00.898Z",
    "image": "user_1/2/cat2_jAvRoFM.jpg",
    "image_small": "",
    "album": 2,
    "tags": []
  }
},
{
  "model": "photo.photo",
  "pk": 31,
  "fields": {
    "title": "Кот2",
    "description": "Жирный кот из апи",
    "author": 1,
    "created_at": "2021-12-19T03:53:43.724Z",
    "image": "user_1/2/cat2_950wCdS.jpg",
    "image_small": "",
    "album": 2,
    "tags": []
  }
},
{
  "model": "photo.photo",
  "pk": 32,
  "fields": {
    "title": "Кот2",
    "description": "Жирный кот из апи",
    "author": 1,
    "created_at": "2021-12-19T03:56:10.357Z",
    "image": "user_1/2/cat2_WiZXuXY.jpg",
    "image_small": "user_1/2/small_cat2_WiZXuXY_wo4ehHT.jpg",
    "album": 2,
    "tags": []
  }
},
{
  "model": "photo.photo",
  "pk": 33,
  "fields": {
    "title": "Кот2",
    "description": "Жирный кот из апи",
    "author": 1,
    "created_at": "2021-12-19T04:02:06.184Z",
    "image": "user_1/2/cat2.jpg",
    "image_small": "",
    "album": 2,
    "tags": []
  }
},
{
  "model": "photo.photo",
  "pk": 34,
  "fields": {
    "title": "Кот2",
    "description": "Жирный кот из апи",
    "author": 1,
    "created_at": "2021-12-19T04:03:26.789Z",
    "image": "user_1/2/cat2_jailcEb.jpg",
    "image_small": "",
    "album": 2,
    "tags": []
  }
},
{
  "model": "photo.photo",
  "pk": 35,
  "fields": {
    "title": "Кот2",
    "description": "Жирный кот из апи",
    "author": 1,
    "created_at": "2021-12-19T04:05:21.512Z",
    "image": "user_1/2/cat2_ugMUxbu.jpg",
    "image_small": "user_1/2/small_cat2.jpg",
    "album": 2,
    "tags": []
  }
},
{
  "model": "photo.photo",
  "pk": 36,
  "fields": {
    "title": "Кот2",
    "description": "Жирный кот из апи",
    "author": 1,
    "created_at": "2021-12-19T04:16:17.438Z",
    "image": "user_1/2/cat2.jpg",
    "image_small": "user_1/2/small_cat2.jpg",
    "album": 2,
    "tags": []
  }
},
{
  "model": "photo.photo",
  "pk": 37,
  "fields": {
    "title": "Кот 3",
    "description": "Кот из админки",
    "author": 1,
    "created_at": "2021-12-19T04:17:30.983Z",
    "image": "user_1/2/cat3.jpg",
    "image_small": "user_1/2/small_cat3.jpg",
    "album": 2,
    "tags": []
  }
},
{
  "model": "photo.photo",
  "pk": 41,
  "fields": {
    "title": "Cat3",
    "description": "test admin photo clone",
    "author": 1,
    "created_at": "2021-12-19T04:49:20.369Z",
    "image": "user_1/2/cat3_eluj6px.jpg",
    "image_small": "user_1/2/cat3_eluj6px.jpg",
    "album": 2,
    "tags": []
  }
},
{
  "model": "photo.photo",
  "pk": 43,
  "fields": {
    "title": "2223",
    "description": "222",
    "author": 1,
    "created_at": "2021-12-19T04:59:31.281Z",
    "image": "user_1/2/cat2_NpZDkRJ.jpg",
    "image_small": "user_1/2/small_cat2_7GFL9ju.jpg",
    "album": 2,
    "tags": [
      1,
      2,
      3
    ]
  }
},
{
  "model": "photo.photo",
  "pk": 44,
  "fields": {
    "title": "2344",
    "description": "234",
    "author": 2,
    "created_at": "2021-12-19T05:00:20.804Z",
    "image": "user_1/2/cat3_3GqZ8wI.jpg",
    "image_small": "user_1/2/small_cat3_Ea8FL2n.jpg",
    "album": 2,
    "tags": []
  }
},
{
  "model": "photo.photo",
  "pk": 45,
  "fields": {
    "title": "Машина1",
    "description": "на продажу",
    "author": 2,
    "created_at": "2021-12-19T05:38:53.738Z",
    "image": "user_2/1/1.jpg",
    "image_small": "user_2/1/small_1.jpg",
    "album": 1,
    "tags": []
  }
},
{
  "model": "photo.photo",
  "pk": 46,
  "fields": {
    "title": "Машина2",
    "description": "Добавлен из админки",
    "author": 2,
    "created_at": "2021-12-19T05:39:21.298Z",
    "image": "user_2/1/2.jpg",
    "image_small": "user_2/1/small_2.jpg",
    "album": 1,
    "tags": []
  }
},
{
  "model": "photo.photo",
  "pk": 48,
  "fields": {
    "title": "Car",
    "description": "Test alboms",
    "author": 1,
    "created_at": "2021-12-19T08:19:20.549Z",
    "image": "user_1/1/1.jpg",
    "image_small": "user_1/1/small_1.jpg",
    "album": 1,
    "tags": []
  }
},
{
  "model": "photo.photo",
  "pk": 49,
  "fields": {
    "title": "Car",
    "description": "Test alboms",
    "author": 1,
    "created_at": "2021-12-19T08:19:21.363Z",
    "image": "user_1/1/1_rjajew8.jpg",
    "image_small": "user_1/1/small_1_ZyGu5AK.jpg",
    "album": 1,
    "tags": []
  }
},
{
  "model": "photo.photo",
  "pk": 50,
  "fields": {
    "title": "Car",
    "description": "Test alboms",
    "author": 1,
    "created_at": "2021-12-19T08:19:22.066Z",
    "image": "user_1/1/1_JARmDCd.jpg",
    "image_small": "user_1/1/small_1_a3WdOh0.jpg",
    "album": 1,
    "tags": []
  }
},
{
  "model": "garpix_auth.refreshtoken",
  "pk": "8c8fd2a25836d08ec3d7a9548e10648a07ead2c6",
  "fields": {
    "user": 1,
    "created": "2021-12-19T00:00:05.066Z"
  }
},
{
  "model": "garpix_auth.accesstoken",
  "pk": "bd9f631274cd4e1be81d70c44526c4bb5060b568",
  "fields": {
    "user": 1,
    "created": "2021-12-19T00:00:05.059Z"
  }
}
]
